{
  "f1": 0.42757009345794394,
  "precision": 0.4740932642487047,
  "recall": 0.3893617021276596,
  "auc": 0.818027287947578,
  "threshold": 0.028237258147210453
}