{
  "f1": 0.7713876967095851,
  "precision": 0.7841768470040721,
  "recall": 0.759009009009009,
  "auc": 0.9725952107226028,
  "threshold": 0.4690913382331772
}